<?xml version="1.0" encoding="UTF-8" ?>
<odoo>
    <data noupdate="0">

        <!-- Making company compatible-->
        <record id="machine_management_company_rule" model="ir.rule">
            <field name="name">Machine Management multi-company</field>
            <field name="model_id" ref="machine_management.model_machine_management"/>
            <field name="domain_force">[('company_id', 'in', company_ids)]</field>
        </record>

        <record id="machine_transfer_company_rule" model="ir.rule">
            <field name="name">Machine Transfer multi-company</field>
            <field name="model_id" ref="machine_management.model_machine_transfer"/>
            <field name="domain_force">[('company_id', 'in', company_ids)]</field>
        </record>

        <record id="machine_service_company_rule" model="ir.rule">
            <field name="name">Machine Service multi-company</field>
            <field name="model_id" ref="machine_management.model_machine_service"/>
            <field name="domain_force">[('company_id', 'in', company_ids)]</field>
        </record>

        <!-- Rule for user groups -->
        <record id="record_manager_rule" model="ir.rule">
            <field name="name">Manager can see all records</field>
            <field name="model_id" ref="machine_management.model_machine_service"/>
            <field name="groups" eval="[(4, ref('machine_management.machine_manager'))]"/>
            <field name="domain_force">[]</field>
            <field name="perm_create" eval="1"/>
            <field name="perm_write" eval="1"/>
            <field name="perm_unlink" eval="1"/>
            <field name="perm_read" eval="1"/>
        </record>

        <record id="record_tech_person_rule" model="ir.rule">
            <field name="name">Tech person can only see their own records</field>
            <field name="model_id" ref="machine_management.model_machine_service"/>
            <field name="groups" eval="[(4, ref('machine_management.machine_tech_person'))]"/>
            <field name="domain_force">[('tech_person_ids.id', '=', user.id)]</field>
            <field name="perm_create" eval="1"/>
            <field name="perm_write" eval="1"/>
            <field name="perm_unlink" eval="0"/>
            <field name="perm_read" eval="1"/>
        </record>

    </data>
</odoo>





