<?xml version="1.0" encoding="UTF-8" ?>
<odoo>
   <data noupdate="0">
       <record id="ir_sequence_machine" model="ir.sequence">
           <field name="name">Sequence Number</field>
           <field name="code">machine.management</field>
           <field name="prefix">MAC</field>
           <field name="padding">4</field>
           <field name="number_next">1</field>
           <field name="number_increment">1</field>
           <field name="company_id" eval="False"/>
       </record>
   </data>
</odoo>